"","League","AvgAtBats","AvgHits","AvgHmRun","AvgRBI","AvgWalks"
"1","A",395.2,105.32,12.1828571428571,51.5142857142857,39.64
"2","N",363.938775510204,95.9115646258503,9.08843537414966,43.8775510204082,37.6734693877551
